{
  "agent_type": "PPO",
  "training_episodes": 100,
  "final_training_reward": -0.9630556798595639,
  "training_rewards": [
    0.2597181958153476,
    -0.03817879992120605,
    1.4254859563966782,
    0.4713745661062925,
    -0.5744966219184371,
    -0.6574068956186326,
    -0.7956735417793993,
    -1.5057326576766787,
    0.35822112419066265,
    0.5015228047389939,
    1.579423150662999,
    -0.6959927884240549,
    0.5879495404016768,
    0.5150586216251984,
    -0.11919578450803155,
    -0.22151841316879703,
    -0.4442160328533276,
    0.6321590463286676,
    0.6770946939348202,
    -0.12551829289903937,
    -0.029730014813757217,
    -0.3308492694990485,
    -0.6547002311408839,
    -1.409427275475197,
    1.2366721949869892,
    -0.21798240914413605,
    -0.7510644803536796,
    -1.5598722849947912,
    2.220049629210356,
    -2.11902630140213,
    -0.4004670988961015,
    -0.1117236121226901,
    1.1815363268446795,
    -0.8318760645061436,
    -0.7568048670785348,
    1.0261297216169691,
    0.1423180057420523,
    -0.27728282666688703,
    1.1152988602809066,
    1.0458576695447022,
    1.040934160042913,
    0.5232386223470628,
    0.1537387763449085,
    -1.3307951297803096,
    0.13143795277673903,
    0.25458970060492686,
    -0.521393036862736,
    -0.4194028181944316,
    -0.8985756793096801,
    0.9177775480636071,
    1.3853638299901074,
    0.49097714546266774,
    0.0912265475846957,
    -0.8391238646161184,
    0.8907745413747213,
    -1.8763064979657202,
    1.978964171891067,
    1.189901021124214,
    -1.1160167460652073,
    -0.8290075116529965,
    -0.47848833189039847,
    1.390113626270892,
    -1.0287340421800788,
    0.06171880742227655,
    -0.2629447886205152,
    1.954286690939826,
    0.7013867501213087,
    -0.41522025405651675,
    0.6474804104436319,
    -0.38307185312738934,
    0.871724994037029,
    1.4075725170235824,
    -1.6729195648072845,
    0.8785236952227381,
    0.34243226036801105,
    -0.01897919140959613,
    -1.0865835048911796,
    -0.1525346505838733,
    2.256051745142748,
    0.5348802309358733,
    -0.26014425122913654,
    2.4324342253155256,
    0.4509499791795181,
    0.2971867901081365,
    -1.1388205576892942,
    -0.4199407854948458,
    -0.19521855152687448,
    -0.10446327543590894,
    0.4871923999302628,
    -0.28904624611420404,
    -1.1060513102634018,
    0.21418658637265803,
    -0.7858089930201789,
    -0.34085880479457437,
    0.7105837642802619,
    -0.882228829382386,
    -1.0385116836657167,
    -0.04246765579654525,
    -1.1725380822853997,
    -0.9630556798595639
  ],
  "final_model_path": "paper_trading_data/bitcoin_training/bitcoin_drl_final_mexc_20250730_205540.pth",
  "training_date": "2025-07-30T20:55:40.898910"
}