{
  "agent_type": "DDPG",
  "training_episodes": 200,
  "final_training_reward": -1.9340349938003614,
  "training_rewards": [
    -1.4772463890123102,
    -0.3712685393922396,
    -0.5502845431721282,
    1.0896632028223818,
    -0.07061719283578154,
    1.3665777860745327,
    1.3338306818552108,
    -0.03886576261674928,
    1.2970302492715522,
    1.014137844679358,
    0.8442696636979483,
    -0.24090250640170516,
    0.8463398134024295,
    -0.24762352214565653,
    -0.3755937285602759,
    -1.5540239152240514,
    0.7564223259218308,
    0.5170838628473438,
    -0.7196234723932914,
    1.9217651209518667,
    -0.013040972773985495,
    -0.8899177755194239,
    -1.162689073164887,
    -1.1580463999078252,
    -0.43047636664737327,
    -1.3724956345874453,
    -0.42807624995355953,
    1.192476127880386,
    0.7823078198320083,
    -0.7571274226357033,
    -0.6616608099649237,
    -1.227331853009928,
    -0.09389734102978564,
    -0.5097671169494011,
    -0.6883942989537457,
    0.8170484201219657,
    -0.7392073471295816,
    0.6828272531148477,
    1.015755718387431,
    0.07261872577241371,
    -1.0294763070892734,
    1.454205633993288,
    -0.6370848076984214,
    -1.1430493003485926,
    -1.823460041232859,
    1.582672071096224,
    0.1791678612570874,
    -0.07226238090960381,
    0.6033190527506309,
    0.40959233891019337,
    0.12893348525473922,
    -0.13625478037793068,
    -0.2109737644708162,
    0.332811302237897,
    1.1028588475111476,
    -1.1286929544834339,
    -0.25586954180126503,
    -0.6390692624949947,
    0.9488665676956365,
    0.21449612107685423,
    0.5600381087584092,
    0.2723963691393969,
    -0.5991182949576409,
    0.6038824255045364,
    0.6074384070763689,
    -0.5055496028163878,
    -0.6574008028838885,
    0.4876727486669341,
    -0.5557394018268705,
    0.3950525821766441,
    -0.1771138853281344,
    -0.2744852032326047,
    1.6580749326083297,
    0.20635955593230995,
    0.11632995939191175,
    1.7943694756802753,
    -0.2860037279098415,
    -0.17017873541774986,
    2.593233946471805,
    -0.3900241281822306,
    -1.7311513732034072,
    0.15498247094501247,
    0.12486100502179821,
    0.435671466149943,
    1.4897322771698522,
    0.8810971558391674,
    -1.1781801385343345,
    -0.8177178688354202,
    -1.5208797746644855,
    -0.48795958748165263,
    2.0357319447910283,
    -3.098524576620751,
    -0.19042616597945217,
    -0.937212587143959,
    -1.1121333498623571,
    1.5149385110789588,
    -1.583758952464771,
    -0.521901388236389,
    0.00961485614353798,
    2.0671564158767,
    -0.41813144615024905,
    0.7604236203464924,
    -0.8783242688305547,
    0.4844429293879326,
    -0.16631476238230236,
    1.3667491110544172,
    -1.0166076789466756,
    -1.0628727490625567,
    -0.18272228776013436,
    -1.7746796140648815,
    0.34309085501344627,
    -0.6262783454520964,
    -0.5378695192520886,
    -0.17464315173447417,
    0.6207282100593199,
    0.26555901586253394,
    0.529761919645424,
    1.0434123642682378,
    -1.7987408956197033,
    0.5848331267692367,
    -2.0037677761100205,
    0.6401295453368696,
    0.07924963401850273,
    0.2907650758380988,
    0.3317090662502319,
    -0.19065436155338525,
    1.4386361739061972,
    0.2803481028237243,
    -1.203149082708337,
    0.06725769331757615,
    1.6992655625440245,
    0.07427383808018977,
    -2.2224615665459884,
    -1.6444579958490708,
    1.0708533523746957,
    -0.5456771240258038,
    -1.4398436534422157,
    -0.50514102426776,
    1.422570244532008,
    -1.3466704114580352,
    -2.10248273631744,
    -1.5657384790262416,
    1.17648626937616,
    -2.917226386262223,
    0.628875770883392,
    -0.3937911117394855,
    -0.6571039461490813,
    -1.5074747231968162,
    1.505459572877135,
    -0.22491846743791097,
    0.82829370282286,
    0.011477870080386386,
    1.3208075968677135,
    -0.8642315539744765,
    0.3689414338127203,
    0.20280871826842875,
    -0.5528050840693123,
    -0.1973558881155694,
    -0.9911284702720078,
    1.7150522491785307,
    -0.14790297220263998,
    0.6273222959096416,
    0.4825448337196028,
    -0.48095983113402235,
    0.11350498367964036,
    0.6174390691872694,
    -0.2734847657571591,
    -0.5557771899596474,
    0.7777374890796395,
    0.08649167190695305,
    0.4998421507277772,
    -0.7367821633916695,
    -0.5974999619724507,
    -0.09108485159271713,
    -0.5252826766031025,
    0.20990229306036357,
    -0.8997043980118425,
    -0.23535927309749746,
    -0.8176591911510297,
    0.18681415372645319,
    0.47659468388088033,
    -0.680201985707837,
    0.2440617995875451,
    -1.6859959846373977,
    -0.28918508544589944,
    1.7857013572833917,
    -0.7929793014929023,
    1.4965487568080833,
    1.5677408970983076,
    -0.5256844389165345,
    0.8667849161922055,
    1.6973114312815922,
    0.8396285677968184,
    -0.5615713325706734,
    1.089606923427809,
    -2.259435148130661,
    1.3520114557007532,
    -0.9135211576909293,
    -1.3851848575950987,
    -1.9340349938003614
  ],
  "final_model_path": "paper_trading_data/bitcoin_training/bitcoin_drl_final_mexc_20250730_221922.pth",
  "training_date": "2025-07-30T22:19:22.769200"
}