{
  "agent_type": "TD3",
  "training_episodes": 200,
  "final_training_reward": -1.0586666842765862,
  "training_rewards": [
    -0.4795196137226797,
    0.18245479218435548,
    0.04086256811464606,
    0.04719072888615812,
    0.026179556323366833,
    -1.3395854997794392,
    1.5779903010421317,
    0.6867468855688035,
    0.17264611767465182,
    0.9291945390326473,
    -0.8101538444899696,
    0.4302252793360108,
    -1.2890021176792117,
    0.9921017275240556,
    0.593527262671493,
    -1.6707477524773187,
    0.19035224218503424,
    0.4461683261198688,
    -0.11723465141082284,
    1.1435074508184124,
    1.221425226460158,
    0.05402786190733226,
    1.3746436322262496,
    0.5146527806139501,
    0.09700428205448237,
    0.6700469337562148,
    0.49809613176870077,
    0.41226006876602783,
    2.414643605908827,
    0.23073271568506537,
    2.971633676576644,
    -0.09725169590603547,
    -0.840800893201666,
    -0.4573404290980497,
    -1.9212488592269041,
    -0.9534467919250295,
    -0.7946490419530177,
    -0.2843888584240919,
    0.49115917316136326,
    0.18957813492858125,
    1.4428360774147373,
    -0.22705002164354274,
    -0.03510867865595666,
    0.38445167142368536,
    -1.990080738749554,
    0.20616666888689233,
    -0.1197925832219967,
    -1.4109606900700846,
    -1.4559820188937969,
    1.3051097755209662,
    0.7902850461787956,
    1.8528638611885733,
    0.4274677040548228,
    0.3099453996622979,
    -0.04021789542065582,
    0.513373659809558,
    -1.5452744435855494,
    1.4927656745152436,
    1.8827052048480124,
    0.18911229654418094,
    -0.9704654936114163,
    2.5608495228060995,
    -0.048986863838180586,
    -2.342570407288149,
    -0.32169621084846706,
    0.5417528711846559,
    -1.2611508098063104,
    -1.0556427308792653,
    0.20915701523201127,
    -0.48677238368430387,
    0.39172964280029426,
    -0.42550058707155797,
    -0.6795679456430274,
    0.3787737441670712,
    -0.3638604328527451,
    1.6402187985891283,
    -0.6024480441494231,
    0.43332390255856457,
    -0.5757459911424778,
    0.5370321208704856,
    0.5890128279613259,
    -0.06110406345655168,
    -0.03300929304273321,
    -0.3835227028344733,
    -0.37590511824719575,
    -1.520957329648364,
    0.2986222709065356,
    -0.15414818144926953,
    -0.5259624817236026,
    -0.4914080319631734,
    0.171646831625934,
    -1.3433612981207865,
    -1.4437797242164494,
    -1.8989370073340779,
    -1.4245847147439958,
    0.535191860461425,
    -0.3136224489721375,
    0.15099205449871178,
    0.48550741003638,
    -0.08759114859412825,
    -0.9449206875153838,
    -0.2197937502016123,
    0.42131328785987326,
    0.4279171246488563,
    0.29666768654223746,
    1.4117150715204103,
    0.7281636091779665,
    0.125835086305441,
    1.896187216881843,
    0.14980849194795534,
    0.14441999952921844,
    1.3295525661395204,
    -0.04345632767518344,
    -1.4772333135577806,
    -0.22691750764255883,
    0.49819065903070453,
    0.1856358417465141,
    -2.063157028131967,
    0.5413532062577852,
    -0.40224562140159065,
    0.632470409948712,
    2.491881367909987,
    -0.8782959732640578,
    -0.8224385984518437,
    0.42673991282449486,
    -1.567303660074066,
    1.6288585388055796,
    1.6781168014266734,
    0.9930058780870963,
    -1.3952515602165376,
    0.5467349536164615,
    0.749558297349717,
    0.7565965425178078,
    -0.027498973297815404,
    -0.28158325012621516,
    0.670094791652952,
    -0.6098694504906025,
    1.6054940868728984,
    0.520430400715972,
    1.5870129040492351,
    -1.4389025336304062,
    0.18434918229926103,
    -0.24915257870543756,
    1.8127417927907092,
    -0.8026985445667488,
    -1.2797483820174747,
    -1.3823360600393182,
    -0.7832899060300688,
    -0.7089212865733286,
    -1.569194765811267,
    1.6876379497231335,
    -0.7259967518328172,
    1.1863927859416357,
    -1.071292736761353,
    0.16051373245542613,
    -0.6181812554602112,
    2.035655356827951,
    -1.0966525722772194,
    2.2532463247688406,
    0.2653105866371525,
    0.49364080683341177,
    1.6523168806313833,
    -3.0667914107015797,
    1.6085477083614776,
    2.5174651607451266,
    0.3332008242072821,
    -2.102256152717307,
    0.6416691686175969,
    0.0487239359085743,
    0.5026152908559006,
    0.1138426927855581,
    -1.1032818605428654,
    0.32980207996032274,
    0.6339838859654813,
    -0.5647664728806305,
    0.31887534233409937,
    1.227464836889895,
    1.9621433267412156,
    -0.6049088244046893,
    -0.6856173990301813,
    -0.5057998128022453,
    1.3193935553469158,
    0.5944995852417924,
    1.2086781468487136,
    -0.856244266399556,
    0.752205397351039,
    1.979956192094482,
    -0.77304289825819,
    -0.5979137235770345,
    0.314302399017916,
    1.0356733277923025,
    1.5046713544333152,
    1.3829638727637235,
    -0.08841210698675324,
    -0.4601163970989726,
    0.9767562200630333,
    0.6568735486189671,
    -0.15212833597461667,
    0.3564004492552889,
    -1.0586666842765862
  ],
  "final_model_path": "paper_trading_data/bitcoin_training/bitcoin_drl_final_mexc_20250730_220604.pth",
  "training_date": "2025-07-30T22:06:04.762540"
}