{
  "agent_type": "A2C",
  "training_episodes": 200,
  "final_training_reward": 1.2815295184614157,
  "training_rewards": [
    0.6456586242387584,
    0.14979230709214608,
    0.1401669880978114,
    -0.7657449908468577,
    0.039653839868283046,
    -0.4199439076725737,
    -1.2303098055420556,
    0.6690500088703393,
    -0.7333816404136494,
    0.4302868986215482,
    0.37300793175710606,
    0.38162974057811094,
    -0.15326260935715674,
    1.0477409403402647,
    -0.4366234486465365,
    0.8162697706593744,
    0.22653352938498938,
    0.5675505962347321,
    0.24769663854455184,
    -2.3084889429885176,
    -0.6709122555626735,
    0.7320726159947116,
    1.6437612447822991,
    0.5148946722854951,
    -0.0666031553399782,
    -0.1955959823417517,
    -0.3854323372702878,
    -0.15639836801330068,
    0.6178450869966059,
    -1.6283073658251899,
    0.7037881055674486,
    0.45742533024932475,
    -0.052899986967439507,
    -0.22191476975252136,
    1.04178015452232,
    0.24636709386055627,
    0.609989338512355,
    -0.0560761673019009,
    -2.0165220576433622,
    -0.590092797383836,
    -0.18461141265847672,
    -0.207135356966181,
    -0.16113101745679018,
    -0.434470626612347,
    -0.9352173124711816,
    0.19977186721641246,
    0.1716542647245805,
    -0.15192169346475207,
    0.2689994743914392,
    0.4355359926177325,
    0.9193280049381285,
    -0.1376408933932472,
    -0.17279236592197797,
    0.5934120343996039,
    -0.2828470576717368,
    1.301717021827213,
    -0.4338678819624111,
    1.9634056722574014,
    0.813400158521924,
    1.6413817716234078,
    -1.0784004119774528,
    1.3621953060230656,
    -0.7224691499922763,
    -1.1802834651286735,
    1.1088375977996372,
    -1.1418188586675317,
    1.2734396012269493,
    -0.5104687627474973,
    -1.1640815218183784,
    -0.7765868300232346,
    0.2394723268022258,
    0.2740292890480561,
    -1.2329219157664832,
    0.17973008140594085,
    0.5540107890494568,
    2.582138415026094,
    0.3582159222834074,
    -0.8003193370793458,
    0.6706683180654753,
    1.204030940914708,
    0.18854860445888974,
    -1.8217352370586917,
    -2.939167933344213,
    -0.22288707574493888,
    -0.5878960024942455,
    1.1759962514730529,
    0.906903290500454,
    0.3276405633177916,
    -0.3426851321693983,
    -1.1940640639663416,
    -0.9444710412638144,
    1.902099231043642,
    0.2310452867129333,
    1.9575197321210136,
    -1.2135130631765898,
    -0.02646901908114013,
    0.22998298769351208,
    -0.5447018042547055,
    0.40860688880474405,
    -0.2884315930607274,
    0.5400555283387418,
    0.5886742458593341,
    -2.005454039663255,
    -1.0597972377363418,
    0.04620195496087178,
    0.31916950819758927,
    2.4889668355943866,
    0.5781916091479263,
    -0.7555951115625825,
    0.5483910422758405,
    -0.6320126391578397,
    -0.3772459323491282,
    -0.4229056580775437,
    -0.6302809420450948,
    0.563398590545541,
    -0.5053864688767049,
    0.0618100284835154,
    0.04015580318129647,
    2.0207782506775986,
    1.018570213959868,
    -2.570288288650889,
    -1.7638454003817332,
    -1.1586217544123865,
    -0.7109439522766821,
    0.8004232260482235,
    0.7260583636492246,
    0.28019219836039644,
    -0.13354256253638988,
    0.72847710103154,
    0.5479628019564914,
    -0.8441318412181902,
    -0.3164005417120863,
    -0.7439987805188556,
    0.32428536374969846,
    -0.07194289317005242,
    -1.1781962928407645,
    -0.8258058027153248,
    1.3935699372169466,
    1.152183554177263,
    -0.8559015474439632,
    0.5510466851995339,
    0.6669379578697819,
    -1.2764729684801723,
    -2.383309785172267,
    -0.8732909864349024,
    1.1590912547247942,
    -0.8159416567006831,
    -0.38257578224514394,
    1.1336475270067565,
    0.564175443689271,
    -0.841788031605527,
    -0.0802552726023019,
    -0.2240696400121257,
    -1.6653532759001572,
    0.6400479239852385,
    -0.7402993419422819,
    -0.012869688434369655,
    -0.3970443795006045,
    -0.7465500653086805,
    -0.6300252313149675,
    0.42597561235894965,
    0.05918024671985835,
    0.10077321397290927,
    -0.5664031694137346,
    0.7126559291626848,
    -0.2837442804330716,
    -1.5740955247151873,
    -0.6119408367897012,
    0.32320570702116264,
    0.6496673778894014,
    -1.155112689418081,
    2.0325197014253766,
    -0.07404419734108895,
    0.5907874237758021,
    -0.5845277385820364,
    -0.45024972481063497,
    0.5930922713474557,
    -0.7102614162050264,
    -0.009093055547729907,
    0.5781254113644926,
    1.3840987453924007,
    -0.5578173434895644,
    1.4232637747565704,
    0.7061170493861775,
    1.0039730046624724,
    0.7216347513297141,
    -0.8594031083468305,
    -1.2644257096290323,
    0.8844275057492987,
    0.1582587648243038,
    -0.847462639485672,
    0.0170604954667747,
    0.2535363872797859,
    2.619391084630067,
    -1.0220800045721712,
    0.7590537098656037,
    -0.16371454646791306,
    -0.10216612281658309,
    -0.5352824925671031,
    1.2815295184614157
  ],
  "final_model_path": "paper_trading_data/bitcoin_training/bitcoin_drl_final_mexc_20250730_221934.pth",
  "training_date": "2025-07-30T22:19:34.869233"
}