{
  "agent_type": "PPO",
  "training_episodes": 100,
  "final_training_reward": 0.8837703232915367,
  "training_rewards": [
    0.6647806924452625,
    1.4549975079265594,
    -1.5426656636050027,
    -0.14446754508256465,
    0.7370257699117324,
    1.2756583818968887,
    0.8014408872402495,
    1.015022018714371,
    1.049235975870579,
    -0.7023699889528575,
    -0.9431054727989772,
    -0.5826901916613811,
    0.6786614470050158,
    -0.725131324579074,
    -1.2390583912425466,
    -1.770264645999303,
    0.35826428020408885,
    -1.518518520892953,
    -1.4421096309465902,
    0.07132019237750284,
    0.5097278107826189,
    -0.19577738152749166,
    -0.4754237858316997,
    0.8886714103170176,
    1.1064320264179526,
    0.22803390187744646,
    0.767868314170729,
    0.4168518781817182,
    -0.715170852458633,
    -1.0396787353819792,
    0.7601349039896775,
    1.0114064596727592,
    1.8729018846186547,
    0.04714680507762148,
    -0.6779304423424364,
    0.6190218032480944,
    0.591290419354203,
    2.8395545449127306,
    0.44888226223976335,
    2.422216506476125,
    -1.2852534859511167,
    -0.6275613851167162,
    0.666658117590261,
    1.3624899020360812,
    -2.617775913191676,
    -0.3133189002659986,
    -0.8356298773086943,
    -0.7958395020947515,
    0.22157128898554265,
    -0.9191197837558615,
    1.2880868434859896,
    0.47395133602464956,
    -0.6915863816221254,
    -0.9337603361877764,
    -1.9220948969669123,
    -2.1375330821061964,
    2.409460480675705,
    1.4988257770871376,
    -0.3397149954618156,
    1.5828233026532015,
    0.4814924845599074,
    0.9407791443047946,
    -0.18144515934466632,
    -0.27377710640745007,
    -0.56905706711499,
    0.6008752633034476,
    0.6681587465114698,
    -1.4762863096473622,
    0.39802784964791027,
    -0.2631772956518962,
    -0.9235206361869382,
    0.013355707495676555,
    0.014231056995745216,
    0.5407597777787598,
    1.9464638851808418,
    -2.1611214264202903,
    1.7782948856442415,
    0.007479037074209282,
    1.7331474124881519,
    0.6670261526459758,
    -0.4786980320070438,
    -0.6396697535210959,
    -0.15397732972191736,
    -1.368378484973914,
    0.9368176564220294,
    1.230535162552341,
    -0.02321596393088546,
    -1.0248955080653404,
    0.4532066369981884,
    1.5248881856436887,
    -0.09386812722802863,
    1.4077320337075128,
    0.07465127589899849,
    1.4820203463787949,
    0.550341383921303,
    -1.2012942493460308,
    0.43066275837518486,
    -0.38096644266095286,
    0.0527048411689939,
    0.8837703232915367
  ],
  "final_model_path": "paper_trading_data/bitcoin_training/bitcoin_drl_final_mexc_20250730_214055.pth",
  "training_date": "2025-07-30T21:40:55.960965"
}