{
  "agent_type": "PPO",
  "training_episodes": 100,
  "final_training_reward": -0.345944457637436,
  "training_rewards": [
    -0.783303215512941,
    -0.3754522626060458,
    1.3264206861814263,
    -0.5003790268908138,
    0.36276793808813523,
    0.6542820364170192,
    0.7414472013731015,
    1.9864139765402902,
    0.39776487538249855,
    0.6279741864931327,
    -1.3889410246495029,
    0.39379709366287774,
    0.4290880526579016,
    -0.25466286624685963,
    1.315172738122714,
    0.6501718941428999,
    1.714708716924972,
    0.30547024315315724,
    -0.7959118609823538,
    0.5664315078576114,
    -0.11120320590238887,
    1.03367082090149,
    0.46750158986990237,
    1.0626390955131504,
    0.5205942095916553,
    -1.3464923572494816,
    -0.4961043942686786,
    -0.23729260189524237,
    0.6146694773964013,
    -1.3009271672165204,
    -1.1079260679815535,
    0.5388552595831044,
    1.6712314355817086,
    -0.9917088915488328,
    -1.5475320219383089,
    0.1281009758008255,
    -1.5527452685580558,
    0.9496366964446562,
    1.1921338020752215,
    -0.4871296421808444,
    -0.6130227682547864,
    0.37489412662240984,
    -1.1718519666637532,
    -0.9475030621769924,
    1.5160116713758989,
    1.1505131753055482,
    0.827155837348008,
    0.480477029488031,
    0.08831649575673575,
    1.019623859286498,
    -0.05241929919269921,
    -1.7945564745296827,
    -0.3375505140845155,
    0.3767725405046676,
    0.16705358504506526,
    -0.745181119788283,
    -2.6306246750803965,
    0.7821918384002825,
    0.7204590930011123,
    -1.2317486701334004,
    0.5695871689133881,
    -0.050174133818301235,
    -0.6087445918264612,
    0.7189633620531577,
    -1.5964295825770467,
    -0.31714574486497643,
    1.993573102052561,
    1.8839395961835954,
    0.04284174615316747,
    -1.3616307286356637,
    0.4568157763919901,
    -0.7643888340068048,
    -0.628841594555129,
    1.1998850629353202,
    -0.012812321751306241,
    0.5277120632652055,
    -0.268172175206225,
    2.0216271518304114,
    0.920913837859577,
    -1.0367286190992384,
    0.19856798894241676,
    0.37856206313063917,
    -1.1156719486639548,
    -0.29178105224365053,
    -0.17434007993032033,
    -0.6241283474445969,
    -0.908439214773124,
    1.198343098149443,
    -0.06041071543627084,
    1.076178711495172,
    0.9951483248023263,
    0.3654238554361878,
    1.449844817588038,
    1.7100523857876466,
    0.6029586575194411,
    0.7181594320526272,
    -0.7317647364871029,
    0.6634138177736779,
    -0.027634682200488918,
    -0.345944457637436
  ],
  "final_model_path": "paper_trading_data/bitcoin_training/bitcoin_drl_final_mexc_20250730_205616.pth",
  "training_date": "2025-07-30T20:56:16.832800"
}