{
  "agent_type": "DQN",
  "training_episodes": 200,
  "final_training_reward": -0.42699332672282625,
  "training_rewards": [
    -0.007723059602498972,
    0.6082015614230891,
    -0.415922024835019,
    -3.2312167825788016,
    -2.218287440636839,
    0.14320724067732923,
    0.06236294634679253,
    -0.9289564954949222,
    0.02041828976577816,
    -0.8054850381712777,
    0.39391555774739695,
    0.22119512894179177,
    0.8135960344292121,
    -1.1637949136153192,
    0.40420969833057446,
    -0.48370745874116927,
    0.6427828725619087,
    1.3357836638513918,
    0.6460867640442108,
    -1.4947552120792285,
    -0.25619545076496775,
    -1.211275289727647,
    0.3838256077666167,
    -0.004780332377778432,
    -1.3804198797162708,
    0.8979327584610958,
    -0.11754951174526551,
    2.4577178446771915,
    1.3062544708153945,
    1.493602100718927,
    -0.47009071085309245,
    0.7252453690178216,
    -1.0620436462204634,
    -1.0844677227005861,
    -0.8470696451247637,
    -0.9901004794868841,
    0.26422725279526693,
    -0.9212959821623988,
    0.3274371154937528,
    -1.3878580673916376,
    0.5714919786641722,
    0.6561513117086312,
    0.07752943001281785,
    1.4888707259326377,
    -0.2436417497862569,
    -0.7585810453563794,
    -1.7242368546934015,
    0.1596446090664675,
    -1.6261938940363152,
    0.8028443391099717,
    -1.231958229131829,
    -0.6219968628559304,
    -2.0231396311176586,
    -0.5928660664758466,
    -0.6870517668495938,
    -1.6185088122936202,
    -0.22955908419384044,
    -1.6611911009118685,
    -0.7125000890940041,
    0.13575517312659688,
    0.22418033061657047,
    -1.3005951883860192,
    1.6275142097833726,
    0.1068913935511477,
    0.2390288299331194,
    -0.583750624302111,
    0.5363301755308708,
    -0.4177393983927764,
    0.019227582703464374,
    0.3034411129288939,
    -0.6273162388073208,
    1.159521730457525,
    0.05318484344051323,
    1.0150059036774206,
    -0.07337310986751967,
    1.4247000443699487,
    0.586977798848133,
    0.3696916442905356,
    0.8367379568416989,
    0.20879561801432156,
    0.6888357478581931,
    0.217219568807599,
    -0.5403812900130734,
    -1.0760517125465465,
    -0.4380889225680853,
    0.46800886178957873,
    -1.0457032537485857,
    1.0997589947157824,
    -0.8991840340116587,
    0.5135334354865069,
    -1.0522536346751756,
    0.25662267507951203,
    0.8821293268165393,
    -0.06148733322334257,
    -1.7524218870349075,
    -0.19283109969786622,
    -0.2823009121690103,
    0.9844274154680914,
    1.2849069327352252,
    -1.1940171141077425,
    1.0526683321020691,
    1.0323023647248581,
    0.5369756831527479,
    0.6448622423157947,
    -0.5693851657873196,
    0.6888910344643542,
    -0.7718929165375581,
    0.652316858571355,
    -0.031958449717879416,
    1.2954527368885411,
    -0.030645308502446417,
    1.444578957306265,
    1.1751520297370914,
    0.30091735021874394,
    -0.7680364619307845,
    0.06699974282519164,
    0.6151757560524876,
    1.260428608473931,
    2.6255728320237317,
    -0.09104522457112237,
    3.616469840073857,
    -2.2127983559208095,
    -0.5882680442237591,
    -1.1767865316370816,
    1.5440906980948557,
    -0.10228252072300392,
    1.2569084648673559,
    0.09723174604589917,
    0.8804431986591222,
    0.28421188155998606,
    -0.3566830213179356,
    1.9298848008018648,
    -0.002517377842480903,
    -0.3766595752964003,
    -0.5071975476408649,
    -1.877628272339814,
    -0.6773074657584447,
    0.2971167165522281,
    1.5959085545945586,
    -0.8158248494438196,
    -0.35607763878043175,
    0.690362406866434,
    -0.10174033609220116,
    -0.017365964490011276,
    -0.49877248596278273,
    0.3909901997003576,
    -0.8833253100227896,
    0.7755924069160884,
    -0.794163783481427,
    -1.2555316555334006,
    -0.763352875772708,
    0.6329382253830844,
    -1.1298734858569033,
    1.2188358703746698,
    0.09380379211974356,
    -2.2153644468867157,
    0.049987769316142745,
    -0.37257824367381454,
    -1.5620724958752608,
    0.7557955839100251,
    -2.6090509155264012,
    -1.198890252032942,
    -0.08377450170415675,
    -0.2460667981899126,
    -0.8095128360616054,
    0.709753480265668,
    -1.4515306922013937,
    0.590299696277872,
    0.6748797364909445,
    0.3152409412869479,
    1.079527891016293,
    -0.5017171177035721,
    0.31630900147660984,
    1.1647635975472743,
    0.847914278773099,
    0.15882645014456512,
    1.484362943063935,
    -0.7596071037627402,
    0.5805580351050709,
    1.6345025483466988,
    -0.37645020319433775,
    0.4772449529448296,
    -0.06305293519032562,
    -0.13233848449359115,
    -0.3355927314375315,
    0.6241700518626361,
    0.5423977010221644,
    0.44390062215028914,
    -0.7278858352535382,
    1.7852400684716991,
    -0.5117563791157298,
    0.5877390336551723,
    -0.5231807606097444,
    0.6916379708667011,
    -1.8899829963356642,
    0.0601309273375093,
    1.432751358101866,
    0.8758137775666612,
    -0.714621924305143,
    -0.42699332672282625
  ],
  "final_model_path": "paper_trading_data/bitcoin_training/bitcoin_drl_final_mexc_20250730_221946.pth",
  "training_date": "2025-07-30T22:19:46.516927"
}