{
  "agent_type": "DuelingDQN",
  "training_episodes": 200,
  "final_training_reward": -1.5577605356565352,
  "training_rewards": [
    1.4716865391329337,
    1.0706596454460966,
    -0.9289373867035879,
    0.29059869047385634,
    -0.9158492295773756,
    0.9677496927039695,
    0.8530951549856733,
    0.6673135372126444,
    -0.5453950289167444,
    -0.3915795261130081,
    -0.09007811269094511,
    0.31910154962981163,
    -0.5060901427147584,
    0.17930131489780785,
    -0.47535861386134837,
    1.2007170628697044,
    -0.5661549738445678,
    -0.40426437282965877,
    1.1159705674412683,
    0.20148055253201527,
    -1.7314768513323175,
    0.26386465162063155,
    -0.03249124718701035,
    -0.7484184023468046,
    -0.4095371237808661,
    -0.15145806484133736,
    -0.05276466622118878,
    -0.43839413819935313,
    -1.624137387148715,
    -0.7340653992847964,
    -2.059543258857116,
    -0.25655954103035905,
    0.4247699062436588,
    -1.4442156482561788,
    -1.203086572741633,
    1.6871334185034113,
    0.44561200261323203,
    -1.2436681814363233,
    0.14431193708105117,
    -0.7097590775387245,
    0.8229073058079854,
    -0.3580075451196812,
    0.8789577093241995,
    2.1749442220050597,
    -0.13154276057934483,
    -0.8324076260803035,
    0.11989260370276339,
    0.36569716635550176,
    0.009999524508499913,
    -0.17165233126348478,
    -1.2021466515805497,
    -0.8092197556205487,
    -0.29391675612967455,
    -0.8168264483971079,
    -0.6075277174351771,
    1.0060439409852981,
    -0.5676887746254068,
    -0.4488293789706067,
    -0.8011039709441081,
    0.2764697179813644,
    0.4697347154183455,
    -1.0645553571126933,
    1.3325027505578966,
    0.48279067062198044,
    0.07600168790250944,
    -0.8022488891242681,
    0.43143274392814174,
    -1.1854343603155066,
    0.21174800229761215,
    0.08982029119162109,
    -0.904173925357836,
    -0.44847886117514807,
    0.21047491398929535,
    0.07231288374218045,
    0.06051988061392864,
    1.698251606953406,
    -0.6160415985520098,
    -1.6556944223920607,
    1.5378877764974581,
    1.6795946598112894,
    0.4791725332398817,
    -0.9534523290136304,
    0.0910576674564043,
    0.7749683184546104,
    -1.751783180595332,
    1.7477564227948796,
    -0.17234013726460318,
    -0.08900106403670356,
    -2.2019053280096927,
    0.3469190389674637,
    -2.1175906247655796,
    1.2372385803002024,
    1.389509942693706,
    1.1004892920541565,
    0.5161916741234158,
    -0.5916443645518628,
    0.22447997220061175,
    0.7489577704709451,
    0.7759687802969677,
    -0.47035994476223425,
    0.9286831139607704,
    1.1576767537891621,
    0.3722118505893446,
    -0.21972273449969867,
    1.694209065428004,
    0.1439103346322729,
    1.9558153269351484,
    1.3059347794825522,
    0.9236286515089442,
    0.5624369474731905,
    0.6149571788629934,
    1.1043425367313615,
    0.49864085035308564,
    0.7041552424651205,
    1.3653606323175977,
    -0.8749334860796093,
    -0.6961164940955884,
    -0.7583452866922572,
    1.5443134703861703,
    -0.49103912449319015,
    -0.11483362016561498,
    0.8826045363691449,
    0.698757431566031,
    0.13633599540002037,
    0.26619090373529763,
    1.4163413641672447,
    0.1787302179535915,
    0.7207165950267159,
    -0.7372162807957264,
    0.19025683306129357,
    -0.06682078047699647,
    0.26289767435907646,
    0.7514150941278629,
    -1.394412275758821,
    0.6503987275528527,
    -1.478298135252055,
    -1.1695265749130455,
    2.380621828771582,
    0.7186408478527581,
    -0.2772098181165233,
    -0.5840472195090776,
    0.2354273526188035,
    0.6918052347237312,
    -0.2990301642722743,
    -1.0070700430438537,
    -0.4994532215280235,
    -1.5210676002191728,
    -1.11497314560646,
    -0.4261658994680564,
    -0.17078045429753894,
    -0.1591411528725853,
    0.35541118848077463,
    1.1679571107274802,
    1.0231605471137923,
    2.5461796608846683,
    -0.3113609365814601,
    0.34908271747655517,
    -0.5061866452632268,
    -0.7311786104090559,
    -0.6483152879300839,
    0.22487302341924403,
    -0.016324498478366,
    -0.2990893957964073,
    -1.1386252240082033,
    -0.6230793514897395,
    -0.07369816709102553,
    0.5397437093394325,
    -0.5436744417020198,
    -0.7137166787558795,
    -0.07869656185590446,
    0.4632925866424801,
    -0.8032524773390671,
    0.0709794475246773,
    -0.0327838691145408,
    0.9847477078030868,
    0.45555246635509666,
    0.5074650591572261,
    -0.6924281589201329,
    -0.4972146063879359,
    -0.7401973173096394,
    -1.735964212482123,
    0.0372605066710062,
    0.09117921540891465,
    -0.8274541691743672,
    -2.1807403315168816,
    0.36386873519363555,
    0.19708897021504065,
    -1.429454254161119,
    0.5735997893189745,
    -0.7614204571019916,
    -0.36494574978672323,
    0.5652191595798954,
    -0.09980155853191444,
    1.3060207998638527,
    0.017246221830453365,
    -0.9871478355461696,
    -1.216381876028983,
    -0.2889837062101506,
    3.3069319585528256,
    -1.5577605356565352
  ],
  "final_model_path": "paper_trading_data/bitcoin_training/bitcoin_drl_final_mexc_20250730_221959.pth",
  "training_date": "2025-07-30T22:19:59.168020"
}