{
  "agent_type": "PPO",
  "training_episodes": 200,
  "final_training_reward": -1.2207737365992106,
  "training_rewards": [
    -0.5310020757352935,
    -0.742700138819482,
    -1.1757872069408941,
    0.4692130061364792,
    -1.8656068062983988,
    -0.1658506575071014,
    0.06687501442973852,
    -0.2827641590543615,
    1.4875605730796753,
    0.12306192375742935,
    -1.1795508770176342,
    -0.07834276625970335,
    0.17008981344735502,
    -0.4697290290629707,
    1.0238557747746295,
    -0.08138770070619829,
    0.031820482734427884,
    -0.40682410997970714,
    -0.3982120001380407,
    -0.2814260655208147,
    2.2834371720290116,
    -1.1617160220304699,
    0.4791268099942379,
    0.22597378517823832,
    -0.33586253977169933,
    -0.429452942498043,
    -1.0952849510901144,
    1.019509235880174,
    0.6314834213328965,
    -0.32282988125181344,
    0.5182155552427585,
    -0.09829149110332333,
    1.6141454581154968,
    -1.1205117553378858,
    0.4529194083025277,
    0.4441826944071993,
    0.6821424053708198,
    -0.1981357368802852,
    -0.407772864485109,
    -0.9445789513644061,
    -0.26633062505657346,
    0.4331406702745279,
    1.0087709712449888,
    0.32874430602399013,
    0.9425584134828765,
    -1.9386982814312372,
    0.6593175491873671,
    0.5534126972014671,
    0.879809148048283,
    1.627244830826032,
    -0.2093067073950223,
    1.2803882988807533,
    1.3659042051614574,
    -0.2997807277030109,
    1.9513722129988031,
    -1.5212987798885986,
    1.107145212198689,
    -1.1001895251939262,
    -1.1422027538469421,
    -0.20026588678943968,
    -0.8091325180811741,
    1.8907066298382793,
    1.576513235295404,
    -2.003389740746898,
    -0.2813420667989115,
    1.1557053834563669,
    -1.5960260864559612,
    1.257551640936821,
    1.7473655681065476,
    0.745616951373532,
    0.3181714635840075,
    0.32787698841675517,
    -0.5442001169874223,
    -0.9043049807147222,
    0.9146714596075051,
    -0.15828404374239177,
    -0.08401778716683965,
    -0.04550617142051339,
    0.9805198700634136,
    0.31146043704588755,
    0.1370580756895535,
    -0.7655201300701592,
    -0.45314279585129935,
    -0.56489305000596,
    -1.2425720210600097,
    1.3439463654529367,
    -0.7159150724032574,
    0.22011060288517892,
    -2.007799914936672,
    0.12272790263238513,
    -0.21205585102414823,
    -1.5165171336066268,
    0.05815525650923161,
    0.495758042116298,
    0.1315654707995576,
    -1.2329395693751006,
    0.8002426203555582,
    1.479548650899428,
    -1.3560095417880471,
    -0.28062215231900767,
    -1.5661290465461493,
    0.487129498672912,
    -0.04138528454495018,
    0.864029179335854,
    0.0162623421007171,
    0.5967679629571914,
    0.6085342138852158,
    0.12699675925972698,
    1.5057085868046067,
    -0.44200114269932206,
    -1.8133860982413166,
    0.17256962965929,
    -0.2943493350308494,
    -0.1684395019184683,
    0.3105574891741343,
    1.0417745476316178,
    1.4148631578408766,
    0.7561182297242315,
    -0.3736225770796918,
    0.7395267714518368,
    1.1014073477821154,
    0.43961344900432203,
    0.2715777229146538,
    -0.5290820342940635,
    0.6704472935654582,
    -1.06689576457041,
    0.8240468959187557,
    -0.8868716918003062,
    -0.9812132555390479,
    1.0094347156698968,
    -1.807809976441511,
    -0.43242847741494544,
    -0.33553056922546454,
    1.3566024794985976,
    -0.08332641269456229,
    0.45598830783968514,
    -1.2979875467880344,
    0.221917142666957,
    1.234482004552121,
    -0.7745422266298986,
    0.746344720148215,
    0.31322440869597334,
    -0.5706313388799109,
    0.9624977270790872,
    -2.2545820809037393,
    0.8300805095510563,
    0.8447034894319159,
    0.347233155349342,
    -0.3638619396484835,
    -0.8155727208973428,
    -0.6315201334334589,
    1.6602708888993571,
    -0.45544421474985225,
    0.14826985299569076,
    2.241154756743176,
    -0.5517240329904148,
    -0.9533640154015097,
    -0.06813120335315896,
    -0.1792083648749064,
    0.2707544895206086,
    0.6091694627034581,
    -1.0763428714086742,
    0.8668010830487887,
    -0.2911218898997652,
    -1.447784844922744,
    1.0171047311520323,
    0.5173153961471249,
    -0.06686149088601871,
    1.086158870925227,
    1.2215474650093252,
    0.015620354364438418,
    0.013495151419528985,
    0.9024050644125629,
    1.103087746306296,
    -2.353659326211221,
    2.820598024550035,
    -0.45888617320266195,
    -0.7240331770686463,
    -0.3082507634652092,
    0.982652754227772,
    -0.35114646652311654,
    0.9531182961759151,
    0.21016894491561425,
    -1.40521785142929,
    -0.7739044188009427,
    -1.0811392927515941,
    -0.4158219882995007,
    -0.48291293323424117,
    0.46680684369435316,
    -0.4376450187618201,
    -2.491284397809606,
    -0.4733160561415378,
    -0.04792217238251048,
    -0.21371081343504839,
    0.5020117635019095,
    -1.9656444093512189,
    -1.1006872450731269,
    0.5219854645128843,
    0.5531752455061162,
    -1.2207737365992106
  ],
  "final_model_path": "paper_trading_data/bitcoin_training/bitcoin_drl_final_mexc_20250730_220542.pth",
  "training_date": "2025-07-30T22:05:42.728964"
}