{
  "agent_type": "SAC",
  "training_episodes": 200,
  "final_training_reward": 1.35655159592454,
  "training_rewards": [
    0.379681682262635,
    0.3263401311867167,
    0.9287490343516253,
    -0.1866326459947817,
    -0.037251602161516045,
    2.2467916894297923,
    0.6532425474218391,
    -0.7930306294648449,
    0.14129422898898017,
    1.9137026830407788,
    -0.038772811120422426,
    -1.1019209774029306,
    -1.3860774177380295,
    -1.655076644895391,
    0.49434937392260525,
    -0.22662863065449554,
    -0.5388758355182925,
    -0.33307792060731933,
    -0.6838179708601878,
    -1.2654783207013374,
    -0.35442744890881994,
    -1.2267890076400443,
    -0.6072755456011125,
    0.8412388285473118,
    0.956196481066786,
    -0.257908537505538,
    -0.41851778628140224,
    -0.21617805773269366,
    -0.6186929075527207,
    1.6706080294799457,
    -1.121769603503931,
    0.23325379046987793,
    0.47352109722733654,
    1.712783326566066,
    -0.19319179483718252,
    -1.0564082579150187,
    0.005153495248160282,
    -0.9045149011033848,
    -0.6815521660017371,
    0.04856403198947254,
    0.3509688813774914,
    2.079970253104316,
    0.4640794108639319,
    -0.45809697166757973,
    -0.5242019794192858,
    0.8335748617300098,
    -0.5104045756792644,
    -1.1961425131816392,
    0.776945120096787,
    -0.07343226640194696,
    0.3857831070164713,
    0.08351879798400288,
    1.0406610687327884,
    -0.04248315459038292,
    0.7474001469788261,
    0.7185671396145813,
    -0.7859592608850956,
    0.21855294641911657,
    0.21953119115802322,
    1.3293646177312426,
    0.5759964465301723,
    -1.3878364718939482,
    -0.0143606009859741,
    1.661747782363034,
    -0.5751006445676948,
    -0.7923259802317011,
    -2.575257282043804,
    0.9766216706507851,
    0.03656773510154546,
    0.8251836178992024,
    -0.24047212925984043,
    -0.28042860928280355,
    0.547113153584756,
    -0.343462277474469,
    0.734868165068911,
    -0.07897470290926026,
    -0.5540076932004884,
    1.5241086541563427,
    0.3666579224076007,
    -0.2622673002608975,
    -0.01371486986627363,
    -0.21049808465102648,
    -0.9952154713922087,
    -0.019752602726773684,
    -0.6635470099873991,
    0.9807705650194615,
    -1.0921944069400185,
    -0.8911196367074057,
    -1.1167295105703934,
    0.5732112968377774,
    -1.534619193265032,
    -1.2227477443167525,
    0.0636004472996908,
    0.7465114131986472,
    -1.0370121836610018,
    -1.3774764725396897,
    -2.084514268232459,
    0.19208575911321116,
    0.8581870755237467,
    -0.09505359683163227,
    -0.9174631310354925,
    0.5699173259550975,
    0.422670890217484,
    -0.71853533643432,
    0.16372468889328737,
    1.4079818117372804,
    -0.2855170899048778,
    -1.3963396948988036,
    0.15822924110907746,
    0.17591260012927748,
    0.7408787185932793,
    -0.19026000266732723,
    -0.749647445904932,
    0.3487065442617577,
    1.621166329844902,
    0.06752968718291635,
    0.2785341814225949,
    0.3956329672799872,
    1.033701782284582,
    0.9314654255049502,
    0.3501435161697334,
    -0.8287887653281661,
    -0.48573829309664723,
    0.11240955594694295,
    0.5273540683895687,
    -0.8401174100365797,
    -0.5835549946103415,
    -1.3339194656029032,
    0.7270382393855835,
    -2.6463057933654817,
    -0.5230710554155392,
    -0.5921558341136451,
    0.6990075311908992,
    -0.9954710013863567,
    -0.46997924082659037,
    -1.443198653886816,
    0.5380458366319203,
    0.05307980040948645,
    -0.47679800593622923,
    -0.07559245453420363,
    1.7732026210662648,
    -1.5436256546373253,
    1.1994195612268579,
    0.9720053307955663,
    0.5310246653826894,
    0.9596644158197092,
    -1.4665541595412148,
    -0.6240275722445419,
    -1.0035196015719665,
    0.2264992461509967,
    -1.0848267670422882,
    0.23725550298728135,
    -0.3382759823157677,
    -0.1663093450161579,
    0.5994735254156855,
    -0.15562732178200026,
    0.7671106892757985,
    0.55274298764217,
    -0.8928051624047828,
    -0.09961230147838646,
    0.17707279846703072,
    0.6538498487430257,
    0.9914394232250779,
    0.2720979659786399,
    0.10813521691720014,
    0.3480771474815836,
    0.6787257491569331,
    -0.8509428160946148,
    -0.25055185270552727,
    -1.1584876192329552,
    -1.0949394571829345,
    -1.0857083284426243,
    -0.13155273573787662,
    0.8281698741783302,
    -0.38814317587077507,
    1.4185046328908775,
    1.4923475273260176,
    0.7557317265924447,
    0.05475120130887648,
    -0.33488533137903115,
    -0.8452539586132408,
    1.1303776146965954,
    0.02957224962711348,
    -0.0015765454509139897,
    -1.055332547189136,
    1.2552368548559023,
    -0.9932413835026119,
    0.2148052515427712,
    -0.01198632876264923,
    0.4600058313764855,
    -1.7852371144056696,
    -0.8135916555662029,
    -0.6906264894477901,
    0.04099046234208175,
    1.2254008838953914,
    -0.11459072213329818,
    -1.2313117777075622,
    -1.6624034672533523,
    0.2578030919145594,
    1.35655159592454
  ],
  "final_model_path": "paper_trading_data/bitcoin_training/bitcoin_drl_final_mexc_20250730_220553.pth",
  "training_date": "2025-07-30T22:05:53.116907"
}