{
  "timestamp": "2025-08-01T14:15:56.145520",
  "training_results": {
    "PPO": {
      "agent_type": "PPO",
      "episodes": 5,
      "total_time": 0.4046642780303955,
      "final_reward": 0.013121809192736898,
      "avg_reward": 0.005437522814786015,
      "max_reward": 0.013121809192736898,
      "min_reward": -0.012012956628950043,
      "training_rewards": [
        