{
  "timestamp": "2025-08-01T14:23:35.894692",
  "training_results": {
    "PPO": {
      "agent_type": "PPO",
      "episodes": 200,
      "total_time": 15.838696956634521,
      "final_reward": 0.04094841636569723,
      "avg_reward": 0.00041179083031357846,
      "max_reward": 0.0709606595208816,
      "min_reward": -0.10549780004024448,
      "training_rewards": [
        