{
  "timestamp": "2025-08-01T14:20:28.216411",
  "training_results": {
    "PPO": {
      "agent_type": "PPO",
      "episodes": 3,
      "total_time": 0.6186821460723877,
      "final_reward": -0.059024321951498045,
      "avg_reward": -0.01708361931916514,
      "max_reward": 0.031243169615601935,
      "min_reward": -0.059024321951498045,
      "training_rewards": [
        